<?xml version="1.0" encoding="utf-8"?>
<PcGts xmlns="http://schema.primaresearch.org/PAGE/gts/pagecontent/2013-07-15" xmlns:ns2="http://searchink.com/xml/frankstahlapi/1.0">
  <Metadata>
    <Creator>system</Creator>
    <Created>2019-01-25T17:25:17.756+01:00</Created>
    <LastChange>2019-02-01T09:02:13Z</LastChange>
  </Metadata>
  <Property key="customer" value="actuallCustomerName"/>
  <Property key="offer"/>
  <Property key="uuid" value="28c20c3e-5e5f-4345-9751-7b6ac29cfce6"/>
  <Property key="fileName" value="0060026250.pdf"/>
  <Property key="type" value="digital"/>
  <Page imageFilename="0060026250.tif" imageHeight="1000" imageWidth="762">
    <TextRegion id="page1_pos1">
      <Property key="entity" value="supplier"/>
      <Coords points="356.746,6.33787 745.583,6.33787 745.583,160.963 356.746,160.963"/>
    </TextRegion>
    <TextRegion id="page1_pos2">
      <Property key="entity" value="other"/>
      <Coords points="5.41164,6.99582 338.324,6.99582 338.324,145.172 5.41164,145.172"/>
    </TextRegion>
    <TextRegion id="page1_pos3">
      <Property key="entity" value="receiver"/>
      <Coords points="8.41259,151.752 345.931,151.752 345.931,220.181 8.41259,220.181"/>
    </TextRegion>
    <TextRegion id="page1_pos4">
      <Property key="entity" value="invoice_info"/>
      <Coords points="355.8,162.937 745.295,162.937 745.295,222.156 355.8,222.156"/>
    </TextRegion>
    <TextRegion id="page1_pos5">
      <Property key="entity" value="receiver"/>
      <Coords points="5.78087,228.735 747.926,228.735 747.926,334.67 5.78087,334.67"/>
    </TextRegion>
    <TextRegion id="page1_pos6">
      <Property key="entity" value="positions"/>
      <Coords points="9.03677,342.566 749.208,342.566 749.208,467.581 9.03677,467.581"/>
    </TextRegion>
    <TextRegion id="page1_pos7">
      <Property key="entity" value="total"/>
      <Coords points="5.0892,470.216 747.235,470.216 747.235,605.76 5.0892,605.76"/>
    </TextRegion>
    <TextRegion id="page1_pos8">
      <Property key="entity" value="other"/>
      <Coords points="9.65339,613.646 747.192,613.646 747.192,990.011 9.65339,990.011"/>
    </TextRegion>
  </Page>
</PcGts>
