<?xml version="1.0" encoding="utf-8"?>
<PcGts xmlns="http://schema.primaresearch.org/PAGE/gts/pagecontent/2013-07-15" xmlns:ns2="http://searchink.com/xml/frankstahlapi/1.0">
  <Metadata>
    <Creator>system</Creator>
    <Created>2019-01-25T17:27:33.594+01:00</Created>
    <LastChange>2019-02-01T08:50:49Z</LastChange>
  </Metadata>
  <Property key="customer" value="actuallCustomerName"/>
  <Property key="offer"/>
  <Property key="uuid" value="241c9f0b-8ad1-445e-9942-0ca3bedba7b5"/>
  <Property key="fileName" value="0060173965.pdf"/>
  <Property key="type" value="digital"/>
  <Page imageFilename="0060173965.tif" imageHeight="1000" imageWidth="762">
    <TextRegion id="page1_pos1">
      <Property key="entity" value="supplier"/>
      <Coords points="116.556,24.7331 601.67,24.7331 601.67,106.61 116.556,106.61"/>
    </TextRegion>
    <TextRegion id="page1_pos2">
      <Property key="entity" value="supplier"/>
      <Coords points="82.3417,245.923 353.615,245.923 353.615,337.577 82.3417,337.577"/>
    </TextRegion>
    <TextRegion id="page1_pos3">
      <Property key="entity" value="invoice_info"/>
      <Coords points="435.485,245.923 621.223,245.923 621.223,340.021 435.485,340.021"/>
    </TextRegion>
    <TextRegion id="page1_pos4">
      <Property key="entity" value="receiver"/>
      <Coords points="94.5614,377.905 419.6,377.905 419.6,498.888 94.5614,498.888"/>
    </TextRegion>
    <TextRegion id="page1_pos5">
      <Property key="entity" value="positions"/>
      <Coords points="92.1174,514.773 673.767,514.773 673.767,622.315 92.1174,622.315"/>
    </TextRegion>
    <TextRegion id="page1_pos6">
      <Property key="entity" value="total"/>
      <Coords points="353.615,633.312 667.655,633.312 667.655,734.741 353.615,734.741"/>
    </TextRegion>
    <TextRegion id="page1_pos7">
      <Property key="entity" value="other"/>
      <Coords points="28.576,754.294 734.864,754.294 734.864,985.263 28.576,985.263"/>
    </TextRegion>
  </Page>
</PcGts>
