<?xml version="1.0" encoding="utf-8"?>
<PcGts xmlns="http://schema.primaresearch.org/PAGE/gts/pagecontent/2013-07-15" xmlns:ns2="http://searchink.com/xml/frankstahlapi/1.0">
  <Metadata>
    <Creator>system</Creator>
    <Created>2019-01-25T17:26:36.571+01:00</Created>
    <LastChange>2019-02-02T02:19:00Z</LastChange>
  </Metadata>
  <Property key="customer" value="actuallCustomerName"/>
  <Property key="offer"/>
  <Property key="uuid" value="64ac8f44-74b5-4178-bf5c-e0f25ce10783"/>
  <Property key="fileName" value="0060068899.pdf"/>
  <Property key="type" value="digital"/>
  <Page imageFilename="0060068899.tif" imageHeight="1000" imageWidth="762">
    <TextRegion id="page1_pos1">
      <Property key="entity" value="other"/>
      <Coords points="18.8791,12.4565 395.61,12.4565 395.61,127.099 18.8791,127.099"/>
    </TextRegion>
    <TextRegion id="page1_pos2">
      <Property key="entity" value="invoice_info"/>
      <Coords points="19.1005,131.551 558.323,131.551 558.323,188.872 19.1005,188.872"/>
    </TextRegion>
    <TextRegion id="page1_pos3">
      <Property key="entity" value="supplier"/>
      <Coords points="398.587,12.4565 562.746,12.4565 562.746,126.542 398.587,126.542"/>
    </TextRegion>
    <TextRegion id="page1_pos4">
      <Property key="entity" value="receiver"/>
      <Coords points="17.5737,192.211 661.968,192.211 661.968,277.915 17.5737,277.915"/>
    </TextRegion>
    <TextRegion id="page1_pos5">
      <Property key="entity" value="other"/>
      <Coords points="17.5955,281.81 661.993,281.81 661.993,387.549 17.5955,387.549"/>
    </TextRegion>
    <TextRegion id="page1_pos6">
      <Property key="entity" value="positions"/>
      <Coords points="18.152,390.331 663.66,390.331 663.66,432.628 18.152,432.628"/>
    </TextRegion>
    <TextRegion id="page1_pos7">
      <Property key="entity" value="total"/>
      <Coords points="18.152,435.41 662.548,435.41 662.548,470.468 18.152,470.468"/>
    </TextRegion>
    <TextRegion id="page1_pos8">
      <Property key="entity" value="other"/>
      <Coords points="17.3261,471.85 710.136,471.85 710.136,962.142 17.3261,962.142"/>
    </TextRegion>
  </Page>
</PcGts>
