<?xml version="1.0" encoding="utf-8"?>
<PcGts xmlns="http://schema.primaresearch.org/PAGE/gts/pagecontent/2013-07-15" xmlns:ns2="http://searchink.com/xml/frankstahlapi/1.0">
  <Metadata>
    <Creator>system</Creator>
    <Created>2019-01-25T17:28:04.958+01:00</Created>
    <LastChange>2019-02-02T04:00:57Z</LastChange>
  </Metadata>
  <Property key="customer" value="actuallCustomerName"/>
  <Property key="offer"/>
  <Property key="uuid" value="d2496c2f-128b-464d-8bbf-c2839159323f"/>
  <Property key="fileName" value="00920576.pdf"/>
  <Property key="type" value="digital"/>
  <Page imageFilename="00920576.tif" imageHeight="1000" imageWidth="766">
    <TextRegion id="page1_pos1">
      <Property key="entity" value="supplier"/>
      <Coords points="24.5387,17.1962 323.118,17.1962 323.118,95.3387 24.5387,95.3387"/>
    </TextRegion>
    <TextRegion id="page1_pos2">
      <Property key="entity" value="supplier"/>
      <Coords points="19.6036,103.564 290.216,103.564 290.216,187.464 19.6036,187.464"/>
    </TextRegion>
    <TextRegion id="page1_pos3">
      <Property key="entity" value="invoice_info"/>
      <Coords points="35.2317,194.867 251.557,194.867 251.557,234.35 35.2317,234.35"/>
    </TextRegion>
    <TextRegion id="page1_pos4">
      <Property key="entity" value="other"/>
      <Coords points="320.65,105.209 541.913,105.209 541.913,187.464 320.65,187.464"/>
    </TextRegion>
    <TextRegion id="page1_pos5">
      <Property key="entity" value="receiver"/>
      <Coords points="51.6823,241.753 408.662,241.753 408.662,335.523 51.6823,335.523"/>
    </TextRegion>
    <TextRegion id="page1_pos6">
      <Property key="entity" value="invoice_info"/>
      <Coords points="84.5836,342.104 443.207,342.104 443.207,410.374 84.5836,410.374"/>
    </TextRegion>
    <TextRegion id="page1_pos7">
      <Property key="entity" value="other"/>
      <Coords points="502.785,197.335 746.252,197.335 746.252,349.507 502.785,349.507"/>
    </TextRegion>
    <TextRegion id="page1_pos8">
      <Property key="entity" value="positions"/>
      <Coords points="70.9543,418.6 737.563,418.6 737.563,711.429 70.9543,711.429"/>
    </TextRegion>
    <TextRegion id="page1_pos9">
      <Property key="entity" value="supplier"/>
      <Coords points="341.46,784.208 585.752,784.208 585.752,897.721 341.46,897.721"/>
    </TextRegion>
    <TextRegion id="page1_pos10">
      <Property key="entity" value="other"/>
      <Coords points="18.5647,924.042 560.613,924.042 560.613,989.024 18.5647,989.024"/>
    </TextRegion>
    <TextRegion id="page1_pos11">
      <Property key="entity" value="other"/>
      <Coords points="627.238,799.838 694.684,799.838 694.684,918.287 627.238,918.287"/>
    </TextRegion>
  </Page>
</PcGts>
