<?xml version="1.0" encoding="utf-8"?>
<PcGts xmlns="http://schema.primaresearch.org/PAGE/gts/pagecontent/2013-07-15" xmlns:ns2="http://searchink.com/xml/frankstahlapi/1.0">
  <Metadata>
    <Creator>system</Creator>
    <Created>2019-01-25T17:28:40.902+01:00</Created>
    <LastChange>2019-02-02T03:34:50Z</LastChange>
  </Metadata>
  <Property key="customer" value="actuallCustomerName"/>
  <Property key="offer"/>
  <Property key="uuid" value="b5b5af67-048c-4086-9094-da0bb62c339f"/>
  <Property key="fileName" value="11225665.pdf"/>
  <Property key="type" value="digital"/>
  <Page imageFilename="11225665.tif" imageHeight="1000" imageWidth="752">
    <TextRegion id="page1_pos1">
      <Property key="entity" value="supplier"/>
      <Coords points="25.433,57.1623 301.754,57.1623 301.754,152.032 25.433,152.032"/>
    </TextRegion>
    <TextRegion id="page1_pos2">
      <Property key="entity" value="other"/>
      <Coords points="543.046,28.6496 731.751,28.6496 731.751,170.176 543.046,170.176"/>
    </TextRegion>
    <TextRegion id="page1_pos3">
      <Property key="entity" value="receiver"/>
      <Coords points="49.502,207.502 480.315,207.502 480.315,297.187 49.502,297.187"/>
    </TextRegion>
    <TextRegion id="page1_pos4">
      <Property key="entity" value="other"/>
      <Coords points="18.3973,305.482 740.045,305.482 740.045,400.353 18.3973,400.353"/>
    </TextRegion>
    <TextRegion id="page1_pos5">
      <Property key="entity" value="positions"/>
      <Coords points="13.6586,406.055 743.468,406.055 743.468,681.85 13.6586,681.85"/>
    </TextRegion>
    <TextRegion id="page1_pos6">
      <Property key="entity" value="total"/>
      <Coords points="19.8189,685.997 741.985,685.997 741.985,709.327 19.8189,709.327"/>
    </TextRegion>
    <TextRegion id="page1_pos7">
      <Property key="entity" value="other"/>
      <Coords points="13.3761,715.414 738.655,715.414 738.655,984.471 13.3761,984.471"/>
    </TextRegion>
  </Page>
</PcGts>
