<?xml version="1.0" encoding="utf-8"?>
<PcGts xmlns="http://schema.primaresearch.org/PAGE/gts/pagecontent/2013-07-15" xmlns:ns2="http://searchink.com/xml/frankstahlapi/1.0">
  <Metadata>
    <Creator>system</Creator>
    <Created>2019-01-25T17:28:44.266+01:00</Created>
    <LastChange>2019-02-02T04:24:59Z</LastChange>
  </Metadata>
  <Property key="customer" value="actuallCustomerName"/>
  <Property key="offer"/>
  <Property key="uuid" value="f11038c6-ef61-411b-b7bf-2850fe8e5bd3"/>
  <Property key="fileName" value="11230046.pdf"/>
  <Property key="type" value="digital"/>
  <Page imageFilename="11230046.tif" imageHeight="1000" imageWidth="752">
    <TextRegion id="page1_pos1">
      <Property key="entity" value="supplier"/>
      <Coords points="330.713,152.545 497.137,152.545 497.137,217.421 330.713,217.421"/>
    </TextRegion>
    <TextRegion id="page1_pos2">
      <Property key="entity" value="invoice_info"/>
      <Coords points="396.721,131.108 740.851,131.108 740.851,152.545 396.721,152.545"/>
    </TextRegion>
    <TextRegion id="page1_pos3">
      <Property key="entity" value="other"/>
      <Coords points="89.821,103.465 186.786,103.465 186.786,131.672 89.821,131.672"/>
    </TextRegion>
    <TextRegion id="page1_pos4">
      <Property key="entity" value="receiver"/>
      <Coords points="85.2384,221.934 465.477,221.934 465.477,236.037 85.2384,236.037"/>
    </TextRegion>
    <TextRegion id="page1_pos5">
      <Property key="entity" value="positions"/>
      <Coords points="51.2577,287.938 738.162,287.938 738.162,449.28 51.2577,449.28"/>
    </TextRegion>
    <TextRegion id="page1_pos6">
      <Property key="entity" value="total"/>
      <Coords points="50.4621,452.667 743.803,452.667 743.803,474.104 50.4621,474.104"/>
    </TextRegion>
    <TextRegion id="page1_pos7">
      <Property key="entity" value="supplier"/>
      <Coords points="240.025,490.464 473.018,490.464 473.018,575.648 240.025,575.648"/>
    </TextRegion>
    <TextRegion id="page1_pos8">
      <Property key="entity" value="other"/>
      <Coords points="509.503,476.922 664.643,476.922 664.643,586.364 509.503,586.364"/>
    </TextRegion>
    <TextRegion id="page1_pos9">
      <Property key="entity" value="other"/>
      <Coords points="372.058,943.564 699.832,943.564 699.832,983.614 372.058,983.614"/>
    </TextRegion>
  </Page>
</PcGts>
