<?xml version="1.0" encoding="utf-8"?>
<PcGts xmlns="http://schema.primaresearch.org/PAGE/gts/pagecontent/2013-07-15" xmlns:ns2="http://searchink.com/xml/frankstahlapi/1.0">
  <Metadata>
    <Creator>system</Creator>
    <Created>2019-01-25T17:29:46.817+01:00</Created>
    <LastChange>2019-02-02T02:05:19Z</LastChange>
  </Metadata>
  <Property key="customer" value="actuallCustomerName"/>
  <Property key="offer"/>
  <Property key="uuid" value="54e6de34-d0cb-42e9-940b-15da94120d4c"/>
  <Property key="fileName" value="2021637692.pdf"/>
  <Property key="type" value="digital"/>
  <Page imageFilename="2021637692.tif" imageHeight="1000" imageWidth="777">
    <TextRegion id="page1_pos2">
      <Property key="entity" value="other"/>
      <Coords points="533.156,94.2635 655.672,94.2635 655.672,190.369 533.156,190.369"/>
    </TextRegion>
    <TextRegion id="page1_pos3">
      <Property key="entity" value="positions"/>
      <Coords points="62.8819,345.833 608.552,345.833 608.552,644.514 62.8819,644.514"/>
    </TextRegion>
    <TextRegion id="page1_pos4">
      <Property key="entity" value="supplier"/>
      <Coords points="224.038,114.992 474.726,114.992 474.726,157.391 224.038,157.391"/>
    </TextRegion>
    <TextRegion id="page1_pos5">
      <Property key="entity" value="supplier"/>
      <Coords points="459.647,218.635 584.046,218.635 584.046,277.052 459.647,277.052"/>
    </TextRegion>
    <TextRegion id="page1_pos6">
      <Property key="entity" value="receiver"/>
      <Coords points="76.0761,225.231 289.066,225.231 289.066,296.839 76.0761,296.839"/>
    </TextRegion>
    <TextRegion id="page1_pos7">
      <Property key="entity" value="invoice_info"/>
      <Coords points="74.1913,319.452 292.835,319.452 292.835,340.18 74.1913,340.18"/>
    </TextRegion>
    <TextRegion id="page1_pos8">
      <Property key="entity" value="other"/>
      <Coords points="62.9381,669.953 684.945,669.953 684.945,950.734 62.9381,950.734"/>
    </TextRegion>
  </Page>
</PcGts>
