<?xml version="1.0" encoding="utf-8"?>
<PcGts xmlns="http://schema.primaresearch.org/PAGE/gts/pagecontent/2013-07-15" xmlns:ns2="http://searchink.com/xml/frankstahlapi/1.0">
  <Metadata>
    <Creator>system</Creator>
    <Created>2019-01-25T17:30:17.712+01:00</Created>
    <LastChange>2019-02-02T04:18:12Z</LastChange>
  </Metadata>
  <Property key="customer" value="actuallCustomerName"/>
  <Property key="offer"/>
  <Property key="uuid" value="ea9c9cba-8ff6-4029-b977-96dfba3ef9fc"/>
  <Property key="fileName" value="2024525658.pdf"/>
  <Property key="type" value="digital"/>
  <Page imageFilename="2024525658.tif" imageHeight="1000" imageWidth="777">
    <TextRegion id="page1_pos1">
      <Property key="entity" value="supplier"/>
      <Coords points="90.0002,82.3906 396.731,82.3906 396.731,243.228 90.0002,243.228"/>
    </TextRegion>
    <TextRegion id="page1_pos2">
      <Property key="entity" value="invoice_info"/>
      <Coords points="529.555,227.719 707.092,227.719 707.092,328.816 529.555,328.816"/>
    </TextRegion>
    <TextRegion id="page1_pos3">
      <Property key="entity" value="receiver"/>
      <Coords points="69.4184,279.991 263.043,279.991 263.043,313.307 69.4184,313.307"/>
    </TextRegion>
    <TextRegion id="page1_pos4">
      <Property key="entity" value="positions"/>
      <Coords points="51.1996,340.879 734.02,340.879 734.02,622.343 51.1996,622.343"/>
    </TextRegion>
    <TextRegion id="page1_pos5">
      <Property key="entity" value="total"/>
      <Coords points="104.31,632.109 684.034,632.109 684.034,668.873 104.31,668.873"/>
    </TextRegion>
    <TextRegion id="page1_pos6">
      <Property key="entity" value="other"/>
      <Coords points="82.4765,672.318 724.752,672.318 724.752,950.565 82.4765,950.565"/>
    </TextRegion>
  </Page>
</PcGts>
