<?xml version="1.0" encoding="utf-8"?>
<PcGts xmlns="http://schema.primaresearch.org/PAGE/gts/pagecontent/2013-07-15" xmlns:ns2="http://searchink.com/xml/frankstahlapi/1.0">
  <Metadata>
    <Creator>system</Creator>
    <Created>2019-01-25T17:30:14.680+01:00</Created>
    <LastChange>2019-02-02T00:54:39Z</LastChange>
  </Metadata>
  <Property key="customer" value="actuallCustomerName"/>
  <Property key="offer"/>
  <Property key="uuid" value="2de2140d-3d72-4968-a1a4-84ff5e4c9cc4"/>
  <Property key="fileName" value="2024485248.pdf"/>
  <Property key="type" value="digital"/>
  <Page imageFilename="2024485248.tif" imageHeight="1000" imageWidth="777">
    <TextRegion id="page1_pos1">
      <Property key="entity" value="supplier"/>
      <Coords points="54.8869,14.2986 725.57,14.2986 725.57,111.748 54.8869,111.748"/>
    </TextRegion>
    <TextRegion id="page1_pos2">
      <Property key="entity" value="supplier"/>
      <Coords points="442.094,127.841 711.261,127.841 711.261,250.323 442.094,250.323"/>
    </TextRegion>
    <TextRegion id="page1_pos3">
      <Property key="entity" value="invoice_info"/>
      <Coords points="435.833,254.793 681.751,254.793 681.751,356.713 435.833,356.713"/>
    </TextRegion>
    <TextRegion id="page1_pos4">
      <Property key="entity" value="supplier"/>
      <Coords points="56.6753,164.496 373.237,164.496 373.237,191.317 56.6753,191.317"/>
    </TextRegion>
    <TextRegion id="page1_pos5">
      <Property key="entity" value="receiver"/>
      <Coords points="54.8869,195.787 382.181,195.787 382.181,317.376 54.8869,317.376"/>
    </TextRegion>
    <TextRegion id="page1_pos6">
      <Property key="entity" value="invoice_info"/>
      <Coords points="54.2708,364.759 463.834,364.759 463.834,418.402 54.2708,418.402"/>
    </TextRegion>
    <TextRegion id="page1_pos7">
      <Property key="entity" value="other"/>
      <Coords points="55.1648,423.765 645.364,423.765 645.364,473.83 55.1648,473.83"/>
    </TextRegion>
    <TextRegion id="page1_pos8">
      <Property key="entity" value="positions"/>
      <Coords points="50.6937,479.197 647.153,479.197 647.153,708.963 50.6937,708.963"/>
    </TextRegion>
    <TextRegion id="page1_pos9">
      <Property key="entity" value="other"/>
      <Coords points="9.60427,717.131 758.086,717.131 758.086,995.176 9.60427,995.176"/>
    </TextRegion>
  </Page>
</PcGts>
