<?xml version="1.0" encoding="utf-8"?>
<PcGts xmlns="http://schema.primaresearch.org/PAGE/gts/pagecontent/2013-07-15" xmlns:ns2="http://searchink.com/xml/frankstahlapi/1.0">
  <Metadata>
    <Creator>system</Creator>
    <Created>2019-01-25T17:30:36.075+01:00</Created>
    <LastChange>2019-02-02T03:47:55Z</LastChange>
  </Metadata>
  <Property key="customer" value="actuallCustomerName"/>
  <Property key="offer"/>
  <Property key="uuid" value="c468bd4c-af8c-46b7-8de6-b5a4f8b9d8b4"/>
  <Property key="fileName" value="2028696695.pdf"/>
  <Property key="type" value="digital"/>
  <Page imageFilename="2028696695.tif" imageHeight="1000" imageWidth="777">
    <TextRegion id="page1_pos1">
      <Property key="entity" value="other"/>
      <Coords points="19.0557,112.677 213.123,112.677 213.123,156.991 19.0557,156.991"/>
    </TextRegion>
    <TextRegion id="page1_pos2">
      <Property key="entity" value="supplier"/>
      <Coords points="519.794,178.549 759.386,178.549 759.386,322.268 519.794,322.268"/>
    </TextRegion>
    <TextRegion id="page1_pos3">
      <Property key="entity" value="receiver"/>
      <Coords points="99.3177,209.688 405.991,209.688 405.991,337.838 99.3177,337.838"/>
    </TextRegion>
    <TextRegion id="page1_pos4">
      <Property key="entity" value="invoice_info"/>
      <Coords points="537.765,359.396 717.458,359.396 717.458,385.745 537.765,385.745"/>
    </TextRegion>
    <TextRegion id="page1_pos5">
      <Property key="entity" value="invoice_info"/>
      <Coords points="112.495,400.115 473.077,400.115 473.077,436.048 112.495,436.048"/>
    </TextRegion>
    <TextRegion id="page1_pos6">
      <Property key="entity" value="positions"/>
      <Coords points="106.506,449.219 664.745,449.219 664.745,612.102 106.506,612.102"/>
    </TextRegion>
    <TextRegion id="page1_pos7">
      <Property key="entity" value="total"/>
      <Coords points="199.945,624.078 665.944,624.078 665.944,652.822 199.945,652.822"/>
    </TextRegion>
    <TextRegion id="page1_pos8">
      <Property key="entity" value="other"/>
      <Coords points="77.7551,703.125 753.395,703.125 753.395,972.599 77.7551,972.599"/>
    </TextRegion>
  </Page>
</PcGts>
