<?xml version="1.0" encoding="utf-8"?>
<PcGts xmlns="http://schema.primaresearch.org/PAGE/gts/pagecontent/2013-07-15" xmlns:ns2="http://searchink.com/xml/frankstahlapi/1.0">
  <Metadata>
    <Creator>system</Creator>
    <Created>2019-01-25T17:31:35.460+01:00</Created>
    <LastChange>2019-02-02T03:05:22Z</LastChange>
  </Metadata>
  <Property key="customer" value="actuallCustomerName"/>
  <Property key="offer"/>
  <Property key="uuid" value="96b9cc58-7baf-491c-8bfa-e0d0439a24b3"/>
  <Property key="fileName" value="2029377724.pdf"/>
  <Property key="type" value="digital"/>
  <Page imageFilename="2029377724.tif" imageHeight="1000" imageWidth="788">
    <TextRegion id="page1_pos1">
      <Property key="entity" value="supplier"/>
      <Coords points="99.049,141.843 350.008,141.843 350.008,203.238 99.049,203.238"/>
    </TextRegion>
    <TextRegion id="page1_pos2">
      <Property key="entity" value="invoice_info"/>
      <Coords points="586.385,202.471 719.924,202.471 719.924,283.051 586.385,283.051"/>
    </TextRegion>
    <TextRegion id="page1_pos4">
      <Property key="entity" value="positions"/>
      <Coords points="81.2004,329.033 721.259,329.033 721.259,563.87 81.2004,563.87"/>
    </TextRegion>
    <TextRegion id="page1_pos5">
      <Property key="entity" value="total"/>
      <Coords points="77.363,569.24 717.422,569.24 717.422,596.868 77.363,596.868"/>
    </TextRegion>
    <TextRegion id="page1_pos6">
      <Property key="entity" value="other"/>
      <Coords points="89.3907,600.706 747.869,600.706 747.869,954.492 89.3907,954.492"/>
    </TextRegion>
    <TextRegion id="page1_pos7">
      <Property key="entity" value="receiver"/>
      <Coords points="34.4682,282.284 224.798,282.284 224.798,311.447 34.4682,311.447"/>
    </TextRegion>
  </Page>
</PcGts>
