<?xml version="1.0" encoding="utf-8"?>
<PcGts xmlns="http://schema.primaresearch.org/PAGE/gts/pagecontent/2013-07-15" xmlns:ns2="http://searchink.com/xml/frankstahlapi/1.0">
  <Metadata>
    <Creator>system</Creator>
    <Created>2019-01-25T17:31:04.129+01:00</Created>
    <LastChange>2019-02-02T01:39:47Z</LastChange>
  </Metadata>
  <Property key="customer" value="actuallCustomerName"/>
  <Property key="offer"/>
  <Property key="uuid" value="3e839760-1436-41b0-9569-133a8c9fb8ed"/>
  <Property key="fileName" value="2029138584.pdf"/>
  <Property key="type" value="digital"/>
  <Page imageFilename="2029138584.tif" imageHeight="1000" imageWidth="777">
    <TextRegion id="page1_pos1">
      <Property key="entity" value="supplier"/>
      <Coords points="116.414,77.1443 734.686,77.1443 734.686,143.869 116.414,143.869"/>
    </TextRegion>
    <TextRegion id="page1_pos2">
      <Property key="entity" value="supplier"/>
      <Coords points="118.267,206.886 404.695,206.886 404.695,224.494 118.267,224.494"/>
    </TextRegion>
    <TextRegion id="page1_pos3">
      <Property key="entity" value="supplier"/>
      <Coords points="522.416,167.037 721.71,167.037 721.71,274.537 522.416,274.537"/>
    </TextRegion>
    <TextRegion id="page1_pos4">
      <Property key="entity" value="receiver"/>
      <Coords points="113.528,229.127 326.726,229.127 326.726,343.115 113.528,343.115"/>
    </TextRegion>
    <TextRegion id="page1_pos5">
      <Property key="entity" value="invoice_info"/>
      <Coords points="113.528,357.943 380.489,357.943 380.489,449.69 113.528,449.69"/>
    </TextRegion>
    <TextRegion id="page1_pos6">
      <Property key="entity" value="positions"/>
      <Coords points="105.806,459.881 740.764,459.881 740.764,673.956 105.806,673.956"/>
    </TextRegion>
    <TextRegion id="page1_pos7">
      <Property key="entity" value="other"/>
      <Coords points="100.244,680.443 761.158,680.443 761.158,933.441 100.244,933.441"/>
    </TextRegion>
    <TextRegion id="page1_pos8">
      <Property key="entity" value="invoice_info"/>
      <Coords points="521.692,294.726 714.494,294.726 714.494,392.034 521.692,392.034"/>
    </TextRegion>
  </Page>
</PcGts>
