<?xml version="1.0" encoding="utf-8"?>
<PcGts xmlns="http://schema.primaresearch.org/PAGE/gts/pagecontent/2013-07-15" xmlns:ns2="http://searchink.com/xml/frankstahlapi/1.0">
  <Metadata>
    <Creator>system</Creator>
    <Created>2019-01-25T17:33:36.180+01:00</Created>
    <LastChange>2019-02-02T01:21:32Z</LastChange>
  </Metadata>
  <Property key="customer" value="actuallCustomerName"/>
  <Property key="offer"/>
  <Property key="uuid" value="34afbb18-225f-4446-9398-3a98dab672d9"/>
  <Property key="fileName" value="2044696237.pdf"/>
  <Property key="type" value="digital"/>
  <Page imageFilename="2044696237.tif" imageHeight="1000" imageWidth="785">
    <TextRegion id="page1_pos1">
      <Property key="entity" value="supplier"/>
      <Coords points="11.5405,2.72895 774.029,2.72895 774.029,124.037 11.5405,124.037"/>
    </TextRegion>
    <TextRegion id="page1_pos2">
      <Property key="entity" value="invoice_info"/>
      <Coords points="11.527,126.111 776.092,126.111 776.092,248.975 11.527,248.975"/>
    </TextRegion>
    <TextRegion id="page1_pos3">
      <Property key="entity" value="receiver"/>
      <Coords points="11.527,253.64 778.683,253.64 778.683,359.915 11.527,359.915"/>
    </TextRegion>
    <TextRegion id="page1_pos4">
      <Property key="entity" value="other"/>
      <Coords points="11.2295,364.064 777.866,364.064 777.866,425.234 11.2295,425.234"/>
    </TextRegion>
    <TextRegion id="page1_pos5">
      <Property key="entity" value="positions"/>
      <Coords points="6.78498,429.381 776.531,429.381 776.531,732.135 6.78498,732.135"/>
    </TextRegion>
    <TextRegion id="page1_pos6">
      <Property key="entity" value="total"/>
      <Coords points="18.9311,744.06 694.856,744.06 694.856,874.698 18.9311,874.698"/>
    </TextRegion>
    <TextRegion id="page1_pos7">
      <Property key="entity" value="supplier"/>
      <Coords points="5.00964,922.779 700.633,922.779 700.633,996.911 5.00964,996.911"/>
    </TextRegion>
    <TextRegion id="page1_pos8">
      <Property key="entity" value="other"/>
      <Coords points="16.4133,880.788 708.926,880.788 708.926,919.15 16.4133,919.15"/>
    </TextRegion>
    <TextRegion id="page1_pos9">
      <Property key="entity" value="other"/>
      <Coords points="712.036,741.854 780.458,741.854 780.458,998.985 712.036,998.985"/>
    </TextRegion>
  </Page>
</PcGts>
