<?xml version="1.0" encoding="utf-8"?>
<PcGts xmlns="http://schema.primaresearch.org/PAGE/gts/pagecontent/2013-07-15" xmlns:ns2="http://searchink.com/xml/frankstahlapi/1.0">
  <Metadata>
    <Creator>system</Creator>
    <Created>2019-01-25T17:34:23.673+01:00</Created>
    <LastChange>2019-02-02T03:38:32Z</LastChange>
  </Metadata>
  <Property key="customer" value="actuallCustomerName"/>
  <Property key="offer"/>
  <Property key="uuid" value="bb34b347-7d6f-4b97-b021-c155738cbbf7"/>
  <Property key="fileName" value="2063207059_7062.pdf"/>
  <Property key="type" value="digital"/>
  <Page imageFilename="2063207059_7062.tif" imageHeight="1000" imageWidth="754">
    <TextRegion id="page1_pos1">
      <Property key="entity" value="supplier"/>
      <Coords points="117.708,108.983 585.013,108.983 585.013,318.221 117.708,318.221"/>
    </TextRegion>
    <TextRegion id="page1_pos2">
      <Property key="entity" value="receiver"/>
      <Coords points="65.0543,327.432 316.476,327.432 316.476,395.205 65.0543,395.205"/>
    </TextRegion>
    <TextRegion id="page1_pos3">
      <Property key="entity" value="invoice_info"/>
      <Coords points="483.651,325.459 627.134,325.459 627.134,365.594 483.651,365.594"/>
    </TextRegion>
    <TextRegion id="page1_pos4">
      <Property key="entity" value="supplier"/>
      <Coords points="61.9713,412.97 429.233,412.97 429.233,432.711 61.9713,432.711"/>
    </TextRegion>
    <TextRegion id="page1_pos5">
      <Property key="entity" value="other"/>
      <Coords points="155.432,440.605 558.893,440.605 558.893,495.875 155.432,495.875"/>
    </TextRegion>
    <TextRegion id="page1_pos6">
      <Property key="entity" value="positions"/>
      <Coords points="54.0374,514.298 568.528,514.298 568.528,784.723 54.0374,784.723"/>
    </TextRegion>
    <TextRegion id="page1_pos7">
      <Property key="entity" value="total"/>
      <Coords points="586.302,514.95 697.533,514.95 697.533,784.064 586.302,784.064"/>
    </TextRegion>
    <TextRegion id="page1_pos8">
      <Property key="entity" value="other"/>
      <Coords points="666.862,830.122 694.584,830.122 694.584,926.847 666.862,926.847"/>
    </TextRegion>
    <TextRegion id="page1_pos9">
      <Property key="entity" value="other"/>
      <Coords points="66.9757,897.894 119.63,897.894 119.63,922.239 66.9757,922.239"/>
    </TextRegion>
  </Page>
</PcGts>
