<?xml version="1.0" encoding="utf-8"?>
<PcGts xmlns="http://schema.primaresearch.org/PAGE/gts/pagecontent/2013-07-15" xmlns:ns2="http://searchink.com/xml/frankstahlapi/1.0">
  <Metadata>
    <Creator>system</Creator>
    <Created>2019-01-25T17:35:52.492+01:00</Created>
    <LastChange>2019-02-02T02:26:40Z</LastChange>
  </Metadata>
  <Property key="customer" value="actuallCustomerName"/>
  <Property key="offer"/>
  <Property key="uuid" value="6c7425f7-cfb7-434d-a8cf-ad7b0a87e7c0"/>
  <Property key="fileName" value="2065238574.pdf"/>
  <Property key="type" value="digital"/>
  <Page imageFilename="2065238574.tif" imageHeight="1000" imageWidth="754">
    <TextRegion id="page1_pos1">
      <Property key="entity" value="supplier"/>
      <Coords points="16.383,41.496 438.951,41.496 438.951,202.752 16.383,202.752"/>
    </TextRegion>
    <TextRegion id="page1_pos2">
      <Property key="entity" value="receiver"/>
      <Coords points="16.383,206.537 440.467,206.537 440.467,342.81 16.383,342.81"/>
    </TextRegion>
    <TextRegion id="page1_pos3">
      <Property key="entity" value="invoice_info"/>
      <Coords points="448.454,208.051 730.923,208.051 730.923,347.352 448.454,347.352"/>
    </TextRegion>
    <TextRegion id="page1_pos4">
      <Property key="entity" value="positions"/>
      <Coords points="15.409,350.216 735.593,350.216 735.593,595.508 15.409,595.508"/>
    </TextRegion>
    <TextRegion id="page1_pos5">
      <Property key="entity" value="total"/>
      <Coords points="15.2304,600.05 736.929,600.05 736.929,640.932 15.2304,640.932"/>
    </TextRegion>
    <TextRegion id="page1_pos6">
      <Property key="entity" value="other"/>
      <Coords points="15.0244,647.747 735.208,647.747 735.208,986.911 15.0244,986.911"/>
    </TextRegion>
  </Page>
</PcGts>
