<?xml version="1.0" encoding="utf-8"?>
<PcGts xmlns="http://schema.primaresearch.org/PAGE/gts/pagecontent/2013-07-15" xmlns:ns2="http://searchink.com/xml/frankstahlapi/1.0">
  <Metadata>
    <Creator>system</Creator>
    <Created>2019-01-25T17:36:55.528+01:00</Created>
    <LastChange>2019-02-02T03:33:32Z</LastChange>
  </Metadata>
  <Property key="customer" value="actuallCustomerName"/>
  <Property key="offer"/>
  <Property key="uuid" value="b338328b-09ce-46ea-a7d0-7eb42069befc"/>
  <Property key="fileName" value="2072860354.pdf"/>
  <Property key="type" value="digital"/>
  <Page imageFilename="2072860354.tif" imageHeight="1000" imageWidth="754">
    <TextRegion id="page1_pos1">
      <Property key="entity" value="invoice_info"/>
      <Coords points="423.835,69.4471 718.713,69.4471 718.713,284.509 423.835,284.509"/>
    </TextRegion>
    <TextRegion id="page1_pos2">
      <Property key="entity" value="receiver"/>
      <Coords points="15.7038,60.7376 400.38,60.7376 400.38,269.099 15.7038,269.099"/>
    </TextRegion>
    <TextRegion id="page1_pos3">
      <Property key="entity" value="positions"/>
      <Coords points="7.6621,291.878 746.669,291.878 746.669,681.803 7.6621,681.803"/>
    </TextRegion>
    <TextRegion id="page1_pos4">
      <Property key="entity" value="total"/>
      <Coords points="5.46276,685.821 746.669,685.821 746.669,758.848 5.46276,758.848"/>
    </TextRegion>
    <TextRegion id="page1_pos5">
      <Property key="entity" value="supplier"/>
      <Coords points="27.1926,772.75 377.022,772.75 377.022,888.654 27.1926,888.654"/>
    </TextRegion>
    <TextRegion id="page1_pos6">
      <Property key="entity" value="other"/>
      <Coords points="389.084,775.428 724.837,775.428 724.837,887.315 389.084,887.315"/>
    </TextRegion>
    <TextRegion id="page1_pos7">
      <Property key="entity" value="supplier"/>
      <Coords points="29.8733,900.043 726.18,900.043 726.18,980.439 29.8733,980.439"/>
    </TextRegion>
  </Page>
</PcGts>
