<?xml version="1.0" encoding="utf-8"?>
<PcGts xmlns="http://schema.primaresearch.org/PAGE/gts/pagecontent/2013-07-15" xmlns:ns2="http://searchink.com/xml/frankstahlapi/1.0">
  <Metadata>
    <Creator>system</Creator>
    <Created>2019-01-25T17:37:13.661+01:00</Created>
    <LastChange>2019-02-02T03:16:35Z</LastChange>
  </Metadata>
  <Property key="customer" value="actuallCustomerName"/>
  <Property key="offer"/>
  <Property key="uuid" value="9d6a7962-ca61-4957-8b39-adef3a495570"/>
  <Property key="fileName" value="2073684235.pdf"/>
  <Property key="type" value="digital"/>
  <Page imageFilename="2073684235.tif" imageHeight="1000" imageWidth="754">
    <TextRegion id="page1_pos1">
      <Property key="entity" value="receiver"/>
      <Coords points="24.8163,177.265 737.681,177.265 737.681,281.976 24.8163,281.976"/>
    </TextRegion>
    <TextRegion id="page1_pos2">
      <Property key="entity" value="other"/>
      <Coords points="6.72515,3.78859 741.477,3.78859 741.477,171.013 6.72515,171.013"/>
    </TextRegion>
    <TextRegion id="page1_pos3">
      <Property key="entity" value="positions"/>
      <Coords points="18.2285,292.134 742.82,292.134 742.82,622.675 18.2285,622.675"/>
    </TextRegion>
    <TextRegion id="page1_pos4">
      <Property key="entity" value="total"/>
      <Coords points="10.4119,627.365 742.708,627.365 742.708,660.184 10.4119,660.184"/>
    </TextRegion>
    <TextRegion id="page1_pos5">
      <Property key="entity" value="other"/>
      <Coords points="15.8872,666.091 739.698,666.091 739.698,750.486 15.8872,750.486"/>
    </TextRegion>
    <TextRegion id="page1_pos6">
      <Property key="entity" value="other"/>
      <Coords points="574.768,757.516 738.135,757.516 738.135,987.257 574.768,987.257"/>
    </TextRegion>
    <TextRegion id="page1_pos7">
      <Property key="entity" value="supplier"/>
      <Coords points="11.1973,756.735 564.607,756.735 564.607,979.442 11.1973,979.442"/>
    </TextRegion>
  </Page>
</PcGts>
