<?xml version="1.0" encoding="utf-8"?>
<PcGts xmlns="http://schema.primaresearch.org/PAGE/gts/pagecontent/2013-07-15" xmlns:ns2="http://searchink.com/xml/frankstahlapi/1.0">
  <Metadata>
    <Creator>system</Creator>
    <Created>2019-01-25T17:37:42.500+01:00</Created>
    <LastChange>2019-02-01T08:01:52Z</LastChange>
  </Metadata>
  <Property key="customer" value="actuallCustomerName"/>
  <Property key="offer"/>
  <Property key="uuid" value="0eacf61b-50d0-44fb-81bc-f79865d9e5ac"/>
  <Property key="fileName" value="2077000168_0169.pdf"/>
  <Property key="type" value="digital"/>
  <Page imageFilename="2077000168_0169.tif" imageHeight="1000" imageWidth="754">
    <TextRegion id="page1_pos1">
      <Property key="entity" value="supplier"/>
      <Coords points="243.256,148.16 523.187,148.16 523.187,211.706 243.256,211.706"/>
    </TextRegion>
    <TextRegion id="page1_pos2">
      <Property key="entity" value="receiver"/>
      <Coords points="101.457,263.032 491.403,263.032 491.403,352.242 101.457,352.242"/>
    </TextRegion>
    <TextRegion id="page1_pos3">
      <Property key="entity" value="invoice_info"/>
      <Coords points="396.055,219.039 548.857,219.039 548.857,254.478 396.055,254.478"/>
    </TextRegion>
    <TextRegion id="page1_pos4">
      <Property key="entity" value="positions"/>
      <Coords points="102.679,428.009 558.637,428.009 558.637,621.091 102.679,621.091"/>
    </TextRegion>
    <TextRegion id="page1_pos5">
      <Property key="entity" value="total"/>
      <Coords points="101.457,628.423 557.413,628.423 557.413,696.857 101.457,696.857"/>
    </TextRegion>
    <TextRegion id="page1_pos6">
      <Property key="entity" value="other"/>
      <Coords points="130.795,704.19 697.99,704.19 697.99,922.937 130.795,922.937"/>
    </TextRegion>
  </Page>
</PcGts>
