<?xml version="1.0" encoding="utf-8"?>
<PcGts xmlns="http://schema.primaresearch.org/PAGE/gts/pagecontent/2013-07-15" xmlns:ns2="http://searchink.com/xml/frankstahlapi/1.0">
  <Metadata>
    <Creator>system</Creator>
    <Created>2019-01-25T17:38:56.831+01:00</Created>
    <LastChange>2019-02-02T04:13:51Z</LastChange>
  </Metadata>
  <Property key="customer" value="actuallCustomerName"/>
  <Property key="offer"/>
  <Property key="uuid" value="e09fac2d-7ed9-4636-b854-adbe2b29acf3"/>
  <Property key="fileName" value="2084022243.pdf"/>
  <Property key="type" value="digital"/>
  <Page imageFilename="2084022243.tif" imageHeight="1000" imageWidth="754">
    <TextRegion id="page1_pos1">
      <Property key="entity" value="supplier"/>
      <Coords points="19.3685,55.6793 251.606,55.6793 251.606,108.356 19.3685,108.356"/>
    </TextRegion>
    <TextRegion id="page1_pos2">
      <Property key="entity" value="other"/>
      <Coords points="357.967,93.7239 587.277,93.7239 587.277,109.332 357.967,109.332"/>
    </TextRegion>
    <TextRegion id="page1_pos3">
      <Property key="entity" value="invoice_info"/>
      <Coords points="353.088,115.185 586.302,115.185 586.302,138.597 353.088,138.597"/>
    </TextRegion>
    <TextRegion id="page1_pos4">
      <Property key="entity" value="receiver"/>
      <Coords points="142.318,142.499 582.398,142.499 582.398,178.593 142.318,178.593"/>
    </TextRegion>
    <TextRegion id="page1_pos5">
      <Property key="entity" value="other"/>
      <Coords points="143.403,183.47 585.434,183.47 585.434,222.49 143.403,222.49"/>
    </TextRegion>
    <TextRegion id="page1_pos6">
      <Property key="entity" value="positions"/>
      <Coords points="157.065,234.197 606.902,234.197 606.902,373.693 157.065,373.693"/>
    </TextRegion>
    <TextRegion id="page1_pos7">
      <Property key="entity" value="total"/>
      <Coords points="275.135,381.497 605.494,381.497 605.494,398.081 275.135,398.081"/>
    </TextRegion>
    <TextRegion id="page1_pos8">
      <Property key="entity" value="other"/>
      <Coords points="38.5811,669.554 715.486,669.554 715.486,942.707 38.5811,942.707"/>
    </TextRegion>
  </Page>
</PcGts>
