<?xml version="1.0" encoding="utf-8"?>
<PcGts xmlns="http://schema.primaresearch.org/PAGE/gts/pagecontent/2013-07-15" xmlns:ns2="http://searchink.com/xml/frankstahlapi/1.0">
  <Metadata>
    <Creator>system</Creator>
    <Created>2019-01-25T17:38:33.569+01:00</Created>
    <LastChange>2019-02-02T04:33:50Z</LastChange>
  </Metadata>
  <Property key="customer" value="actuallCustomerName"/>
  <Property key="offer"/>
  <Property key="uuid" value="fca6619c-7f05-47a5-bbf3-0fc05d672bcc"/>
  <Property key="fileName" value="2084022002.pdf"/>
  <Property key="type" value="digital"/>
  <Page imageFilename="2084022002.tif" imageHeight="1000" imageWidth="754">
    <TextRegion id="page1_pos1">
      <Property key="entity" value="supplier"/>
      <Coords points="30.4377,54.3261 249.03,54.3261 249.03,112.521 30.4377,112.521"/>
    </TextRegion>
    <TextRegion id="page1_pos2">
      <Property key="entity" value="other"/>
      <Coords points="361.891,88.7682 596.521,88.7682 596.521,113.115 361.891,113.115"/>
    </TextRegion>
    <TextRegion id="page1_pos3">
      <Property key="entity" value="invoice_info"/>
      <Coords points="356.284,117.272 598.638,117.272 598.638,139.243 356.284,139.243"/>
    </TextRegion>
    <TextRegion id="page1_pos4">
      <Property key="entity" value="receiver"/>
      <Coords points="141.849,143.4 593.291,143.4 593.291,178.436 141.849,178.436"/>
    </TextRegion>
    <TextRegion id="page1_pos5">
      <Property key="entity" value="positions"/>
      <Coords points="159.669,225.942 585.567,225.942 585.567,282.95 159.669,282.95"/>
    </TextRegion>
    <TextRegion id="page1_pos6">
      <Property key="entity" value="other"/>
      <Coords points="146.602,186.749 559.433,186.749 559.433,221.191 146.602,221.191"/>
    </TextRegion>
    <TextRegion id="page1_pos7">
      <Property key="entity" value="other"/>
      <Coords points="11.9012,705.407 682.528,705.407 682.528,968.474 11.9012,968.474"/>
    </TextRegion>
  </Page>
</PcGts>
