<?xml version="1.0" encoding="utf-8"?>
<PcGts xmlns="http://schema.primaresearch.org/PAGE/gts/pagecontent/2013-07-15" xmlns:ns2="http://searchink.com/xml/frankstahlapi/1.0">
  <Metadata>
    <Creator>system</Creator>
    <Created>2019-01-25T17:38:30.845+01:00</Created>
    <LastChange>2019-02-02T03:39:01Z</LastChange>
  </Metadata>
  <Property key="customer" value="actuallCustomerName"/>
  <Property key="offer"/>
  <Property key="uuid" value="bc3d8435-3a81-4211-a998-aea0099eb15d"/>
  <Property key="fileName" value="2084021870.pdf"/>
  <Property key="type" value="digital"/>
  <Page imageFilename="2084021870.tif" imageHeight="1000" imageWidth="754">
    <TextRegion id="page1_pos1">
      <Property key="entity" value="supplier"/>
      <Coords points="34.9287,60.2808 249.521,60.2808 249.521,107.159 34.9287,107.159"/>
    </TextRegion>
    <TextRegion id="page1_pos2">
      <Property key="entity" value="other"/>
      <Coords points="367.944,96.0356 594.457,96.0356 594.457,113.516 367.944,113.516"/>
    </TextRegion>
    <TextRegion id="page1_pos3">
      <Property key="entity" value="invoice_info"/>
      <Coords points="361.585,119.078 598.433,119.078 598.433,141.325 361.585,141.325"/>
    </TextRegion>
    <TextRegion id="page1_pos4">
      <Property key="entity" value="receiver"/>
      <Coords points="150.967,146.093 594.457,146.093 594.457,175.491 150.967,175.491"/>
    </TextRegion>
    <TextRegion id="page1_pos5">
      <Property key="entity" value="other"/>
      <Coords points="152.557,184.231 588.894,184.231 588.894,227.932 152.557,227.932"/>
    </TextRegion>
    <TextRegion id="page1_pos6">
      <Property key="entity" value="positions"/>
      <Coords points="155.736,239.055 593.309,239.055 593.309,429.748 155.736,429.748"/>
    </TextRegion>
    <TextRegion id="page1_pos7">
      <Property key="entity" value="total"/>
      <Coords points="280.165,436.105 588.541,436.105 588.541,453.585 280.165,453.585"/>
    </TextRegion>
    <TextRegion id="page1_pos8">
      <Property key="entity" value="other"/>
      <Coords points="30.641,535.983 727.621,535.983 727.621,970.41 30.641,970.41"/>
    </TextRegion>
  </Page>
</PcGts>
