<?xml version="1.0" encoding="utf-8"?>
<PcGts xmlns="http://schema.primaresearch.org/PAGE/gts/pagecontent/2013-07-15" xmlns:ns2="http://searchink.com/xml/frankstahlapi/1.0">
  <Metadata>
    <Creator>system</Creator>
    <Created>2019-01-25T17:38:54.084+01:00</Created>
    <LastChange>2019-02-02T02:46:47Z</LastChange>
  </Metadata>
  <Property key="customer" value="actuallCustomerName"/>
  <Property key="offer"/>
  <Property key="uuid" value="7e934dd6-d263-4b11-b0ca-18bfd18516a6"/>
  <Property key="fileName" value="2084022184.pdf"/>
  <Property key="type" value="digital"/>
  <Page imageFilename="2084022184.tif" imageHeight="1000" imageWidth="754">
    <TextRegion id="page1_pos1">
      <Property key="entity" value="other"/>
      <Coords points="33.1487,878.927 144.462,878.927 144.462,893.33 33.1487,893.33"/>
    </TextRegion>
    <TextRegion id="page1_pos2">
      <Property key="entity" value="other"/>
      <Coords points="627.696,721.825 650.611,721.825 650.611,821.325 627.696,821.325"/>
    </TextRegion>
    <TextRegion id="page1_pos3">
      <Property key="entity" value="supplier"/>
      <Coords points="71.1263,54.7405 243.335,54.7405 243.335,97.2894 71.1263,97.2894"/>
    </TextRegion>
    <TextRegion id="page1_pos4">
      <Property key="entity" value="invoice_info"/>
      <Coords points="349.41,88.1249 585.787,88.1249 585.787,137.22 349.41,137.22"/>
    </TextRegion>
    <TextRegion id="page1_pos5">
      <Property key="entity" value="receiver"/>
      <Coords points="141.188,137.874 574.657,137.874 574.657,169.295 141.188,169.295"/>
    </TextRegion>
    <TextRegion id="page1_pos6">
      <Property key="entity" value="positions"/>
      <Coords points="143.153,176.495 575.967,176.495 575.967,370.911 143.153,370.911"/>
    </TextRegion>
    <TextRegion id="page1_pos7">
      <Property key="entity" value="total"/>
      <Coords points="263.633,375.493 572.039,375.493 572.039,392.513 263.633,392.513"/>
    </TextRegion>
  </Page>
</PcGts>
