<?xml version="1.0" encoding="utf-8"?>
<PcGts xmlns="http://schema.primaresearch.org/PAGE/gts/pagecontent/2013-07-15" xmlns:ns2="http://searchink.com/xml/frankstahlapi/1.0">
  <Metadata>
    <Creator>system</Creator>
    <Created>2019-01-25T17:39:37.330+01:00</Created>
    <LastChange>2019-02-02T02:11:52Z</LastChange>
  </Metadata>
  <Property key="customer" value="actuallCustomerName"/>
  <Property key="offer"/>
  <Property key="uuid" value="5e6cee78-5dbd-4b84-a7fd-8d5f476e09d1"/>
  <Property key="fileName" value="2085534883.pdf"/>
  <Property key="type" value="digital"/>
  <Page imageFilename="2085534883.tif" imageHeight="1000" imageWidth="754">
    <TextRegion id="page1_pos1">
      <Property key="entity" value="supplier"/>
      <Coords points="3.06724,5.32271 478.794,5.32271 478.794,150.221 3.06724,150.221"/>
    </TextRegion>
    <TextRegion id="page1_pos2">
      <Property key="entity" value="other"/>
      <Coords points="485.905,7.54507 750.003,7.54507 750.003,160.888 485.905,160.888"/>
    </TextRegion>
    <TextRegion id="page1_pos3">
      <Property key="entity" value="invoice_info"/>
      <Coords points="432.11,167.556 745.999,167.556 745.999,276.896 432.11,276.896"/>
    </TextRegion>
    <TextRegion id="page1_pos4">
      <Property key="entity" value="receiver"/>
      <Coords points="4.40103,155.111 415.215,155.111 415.215,275.118 4.40103,275.118"/>
    </TextRegion>
    <TextRegion id="page1_pos5">
      <Property key="entity" value="other"/>
      <Coords points="6.97659,280.671 745.97,280.671 745.97,384.428 6.97659,384.428"/>
    </TextRegion>
    <TextRegion id="page1_pos6">
      <Property key="entity" value="positions"/>
      <Coords points="6.97659,388.369 742.596,388.369 742.596,779.755 6.97659,779.755"/>
    </TextRegion>
    <TextRegion id="page1_pos7">
      <Property key="entity" value="total"/>
      <Coords points="10.171,782.383 743.252,782.383 743.252,802.739 10.171,802.739"/>
    </TextRegion>
    <TextRegion id="page1_pos8">
      <Property key="entity" value="other"/>
      <Coords points="9.14223,806.818 739.597,806.818 739.597,989.377 9.14223,989.377"/>
    </TextRegion>
  </Page>
</PcGts>
