<?xml version="1.0" encoding="utf-8"?>
<PcGts xmlns="http://schema.primaresearch.org/PAGE/gts/pagecontent/2013-07-15" xmlns:ns2="http://searchink.com/xml/frankstahlapi/1.0">
  <Metadata>
    <Creator>system</Creator>
    <Created>2019-01-25T17:39:50.194+01:00</Created>
    <LastChange>2019-02-02T03:26:08Z</LastChange>
  </Metadata>
  <Property key="customer" value="actuallCustomerName"/>
  <Property key="offer"/>
  <Property key="uuid" value="accb3ae0-9cc8-472b-bc2c-9eb950dfe515"/>
  <Property key="fileName" value="2085539738.pdf"/>
  <Property key="type" value="digital"/>
  <Page imageFilename="2085539738.tif" imageHeight="1000" imageWidth="754">
    <TextRegion id="page1_pos1">
      <Property key="entity" value="supplier"/>
      <Coords points="232.904,34.2135 465.431,34.2135 465.431,171.112 232.904,171.112"/>
    </TextRegion>
    <TextRegion id="page1_pos2">
      <Property key="entity" value="other"/>
      <Coords points="475.787,31.5467 725.655,31.5467 725.655,188.891 475.787,188.891"/>
    </TextRegion>
    <TextRegion id="page1_pos3">
      <Property key="entity" value="receiver"/>
      <Coords points="9.39886,179.557 306.394,179.557 306.394,275.563 9.39886,275.563"/>
    </TextRegion>
    <TextRegion id="page1_pos4">
      <Property key="entity" value="invoice_info"/>
      <Coords points="398.428,200.447 726.544,200.447 726.544,278.674 398.428,278.674"/>
    </TextRegion>
    <TextRegion id="page1_pos5">
      <Property key="entity" value="other"/>
      <Coords points="11.8138,283.563 741.408,283.563 741.408,387.57 11.8138,387.57"/>
    </TextRegion>
    <TextRegion id="page1_pos6">
      <Property key="entity" value="positions"/>
      <Coords points="9.84532,389.791 745.146,389.791 745.146,748.927 9.84532,748.927"/>
    </TextRegion>
    <TextRegion id="page1_pos7">
      <Property key="entity" value="total"/>
      <Coords points="9.32569,752.484 748.192,752.484 748.192,774.708 9.32569,774.708"/>
    </TextRegion>
    <TextRegion id="page1_pos8">
      <Property key="entity" value="other"/>
      <Coords points="7.10269,779.194 742.92,779.194 742.92,993.873 7.10269,993.873"/>
    </TextRegion>
  </Page>
</PcGts>
