<?xml version="1.0" encoding="utf-8"?>
<PcGts xmlns="http://schema.primaresearch.org/PAGE/gts/pagecontent/2013-07-15" xmlns:ns2="http://searchink.com/xml/frankstahlapi/1.0">
  <Metadata>
    <Creator>system</Creator>
    <Created>2019-01-25T17:41:01.598+01:00</Created>
    <LastChange>2019-02-02T02:25:22Z</LastChange>
  </Metadata>
  <Property key="customer" value="actuallCustomerName"/>
  <Property key="offer"/>
  <Property key="uuid" value="6c1da20c-a6a5-4660-9110-d1f9ca5f1bb2"/>
  <Property key="fileName" value="500234635+-4635.pdf"/>
  <Property key="type" value="digital"/>
  <Page imageFilename="500234635+-4635.tif" imageHeight="1000" imageWidth="754">
    <TextRegion id="page1_pos1">
      <Property key="entity" value="supplier"/>
      <Coords points="26.4106,4.78895 323.458,4.78895 323.458,91.2603 26.4106,91.2603"/>
    </TextRegion>
    <TextRegion id="page1_pos2">
      <Property key="entity" value="receiver"/>
      <Coords points="34.3774,118.567 436.132,118.567 436.132,156.114 34.3774,156.114"/>
    </TextRegion>
    <TextRegion id="page1_pos3">
      <Property key="entity" value="invoice_info"/>
      <Coords points="475.963,19.5801 652.372,19.5801 652.372,145.874 475.963,145.874"/>
    </TextRegion>
    <TextRegion id="page1_pos4">
      <Property key="entity" value="positions"/>
      <Coords points="17.1706,170.905 745.563,170.905 745.563,406.426 17.1706,406.426"/>
    </TextRegion>
    <TextRegion id="page1_pos5">
      <Property key="entity" value="other"/>
      <Coords points="168.54,770.515 746.701,770.515 746.701,962.801 168.54,962.801"/>
    </TextRegion>
  </Page>
</PcGts>
