<?xml version="1.0" encoding="utf-8"?>
<PcGts xmlns="http://schema.primaresearch.org/PAGE/gts/pagecontent/2013-07-15">
  <Metadata>
    <Creator>system</Creator>
    <Created>2019-01-25T17:44:41.939+01:00</Created>
    <LastChange>2019-01-25T17:44:41.939+01:00</LastChange>
  </Metadata>
  <Property key="customer" value="actuallCustomerName"/>
  <Property key="offer" value=""/>
  <Property key="uuid" value="eb9ae01b-1841-4ca5-8501-dae9e6dd9dad"/>
  <Property key="fileName" value="80702654.pdf"/>
  <Property key="type" value="digital"/>
  <Page imageFilename="80702654.tif" imageHeight="1000" imageWidth="754"/>
</PcGts>
