<?xml version="1.0" encoding="utf-8"?>
<PcGts xmlns="http://schema.primaresearch.org/PAGE/gts/pagecontent/2013-07-15" xmlns:ns2="http://searchink.com/xml/frankstahlapi/1.0">
  <Metadata>
    <Creator>system</Creator>
    <Created>2019-01-25T17:45:04.793+01:00</Created>
    <LastChange>2019-02-02T03:19:42Z</LastChange>
  </Metadata>
  <Property key="customer" value="actuallCustomerName"/>
  <Property key="offer"/>
  <Property key="uuid" value="a5c3dd0d-55ea-4208-9778-27aeb59c6c6f"/>
  <Property key="fileName" value="83096187.pdf"/>
  <Property key="type" value="digital"/>
  <Page imageFilename="83096187.tif" imageHeight="1000" imageWidth="754">
    <TextRegion id="page1_pos1">
      <Property key="entity" value="other"/>
      <Coords points="21.9657,34.8651 264.376,34.8651 264.376,144.01 21.9657,144.01"/>
    </TextRegion>
    <TextRegion id="page1_pos2">
      <Property key="entity" value="supplier"/>
      <Coords points="269.927,36.0983 474.095,36.0983 474.095,144.01 269.927,144.01"/>
    </TextRegion>
    <TextRegion id="page1_pos3">
      <Property key="entity" value="receiver"/>
      <Coords points="22.2207,148.943 474.35,148.943 474.35,214.307 22.2207,214.307"/>
    </TextRegion>
    <TextRegion id="page1_pos4">
      <Property key="entity" value="invoice_info"/>
      <Coords points="480.518,35.4818 726.011,35.4818 726.011,176.692 480.518,176.692"/>
    </TextRegion>
    <TextRegion id="page1_pos5">
      <Property key="entity" value="other"/>
      <Coords points="481.75,179.159 725.396,179.159 725.396,270.421 481.75,270.421"/>
    </TextRegion>
    <TextRegion id="page1_pos6">
      <Property key="entity" value="other"/>
      <Coords points="23.2401,218.623 474.75,218.623 474.75,275.354 23.2401,275.354"/>
    </TextRegion>
    <TextRegion id="page1_pos7">
      <Property key="entity" value="other"/>
      <Coords points="24.0227,278.437 725.964,278.437 725.964,319.136 24.0227,319.136"/>
    </TextRegion>
    <TextRegion id="page1_pos8">
      <Property key="entity" value="positions"/>
      <Coords points="24.4718,322.219 725.795,322.219 725.795,472.678 24.4718,472.678"/>
    </TextRegion>
    <TextRegion id="page1_pos9">
      <Property key="entity" value="other"/>
      <Coords points="24.527,475.781 727.7,475.781 727.7,960.187 24.527,960.187"/>
    </TextRegion>
  </Page>
</PcGts>
