<?xml version="1.0" encoding="utf-8"?>
<PcGts xmlns="http://schema.primaresearch.org/PAGE/gts/pagecontent/2013-07-15" xmlns:ns2="http://searchink.com/xml/frankstahlapi/1.0">
  <Metadata>
    <Creator>system</Creator>
    <Created>2019-01-25T17:45:16.989+01:00</Created>
    <LastChange>2019-02-02T03:44:25Z</LastChange>
  </Metadata>
  <Property key="customer" value="actuallCustomerName"/>
  <Property key="offer"/>
  <Property key="uuid" value="c0ae7097-3a30-453e-bf40-d3843c8c0c5c"/>
  <Property key="fileName" value="83542513.pdf"/>
  <Property key="type" value="digital"/>
  <Page imageFilename="83542513.tif" imageHeight="1000" imageWidth="754">
    <TextRegion id="page1_pos1">
      <Property key="entity" value="other"/>
      <Coords points="521.117,189.067 670.052,189.067 670.052,240.409 521.117,240.409"/>
    </TextRegion>
    <TextRegion id="page1_pos2">
      <Property key="entity" value="invoice_info"/>
      <Coords points="527.278,241.436 672.108,241.436 672.108,272.241 527.278,272.241"/>
    </TextRegion>
    <TextRegion id="page1_pos3">
      <Property key="entity" value="total"/>
      <Coords points="536.525,277.375 681.351,277.375 681.351,298.939 536.525,298.939"/>
    </TextRegion>
    <TextRegion id="page1_pos4">
      <Property key="entity" value="other"/>
      <Coords points="373.907,319.476 686.158,319.476 686.158,420.108 373.907,420.108"/>
    </TextRegion>
    <TextRegion id="page1_pos5">
      <Property key="entity" value="supplier"/>
      <Coords points="28.7862,163.395 319.468,163.395 319.468,283.536 28.7862,283.536"/>
    </TextRegion>
    <TextRegion id="page1_pos6">
      <Property key="entity" value="invoice_info"/>
      <Coords points="328.713,181.879 470.458,181.879 470.458,302.019 328.713,302.019"/>
    </TextRegion>
    <TextRegion id="page1_pos7">
      <Property key="entity" value="receiver"/>
      <Coords points="41.1121,323.583 361.582,323.583 361.582,419.078 41.1121,419.078"/>
    </TextRegion>
    <TextRegion id="page1_pos8">
      <Property key="entity" value="other"/>
      <Coords points="65.7636,295.859 147.935,295.859 147.935,317.422 65.7636,317.422"/>
    </TextRegion>
    <TextRegion id="page1_pos9">
      <Property key="entity" value="positions"/>
      <Coords points="38.1278,424.582 696.089,424.582 696.089,645.504 38.1278,645.504"/>
    </TextRegion>
    <TextRegion id="page1_pos10">
      <Property key="entity" value="total"/>
      <Coords points="532.917,653.053 697.994,653.053 697.994,761.659 532.917,761.659"/>
    </TextRegion>
    <TextRegion id="page1_pos11">
      <Property key="entity" value="other"/>
      <Coords points="32.0519,736.271 511.755,736.271 511.755,781.404 32.0519,781.404"/>
    </TextRegion>
    <TextRegion id="page1_pos12">
      <Property key="entity" value="other"/>
      <Coords points="451.086,803.974 719.155,803.974 719.155,940.788 451.086,940.788"/>
    </TextRegion>
  </Page>
</PcGts>
