<?xml version="1.0" encoding="utf-8"?>
<PcGts xmlns="http://schema.primaresearch.org/PAGE/gts/pagecontent/2013-07-15" xmlns:ns2="http://searchink.com/xml/frankstahlapi/1.0">
  <Metadata>
    <Creator>system</Creator>
    <Created>2019-01-25T17:45:22.624+01:00</Created>
    <LastChange>2019-02-02T01:54:13Z</LastChange>
  </Metadata>
  <Property key="customer" value="actuallCustomerName"/>
  <Property key="offer"/>
  <Property key="uuid" value="4c0b280f-f410-4134-9075-62461530e956"/>
  <Property key="fileName" value="83553533.pdf"/>
  <Property key="type" value="digital"/>
  <Page imageFilename="83553533.tif" imageHeight="1000" imageWidth="754">
    <TextRegion id="page1_pos1">
      <Property key="entity" value="invoice_info"/>
      <Coords points="428.311,110.517 681.128,110.517 681.128,329.917 428.311,329.917"/>
    </TextRegion>
    <TextRegion id="page1_pos2">
      <Property key="entity" value="supplier"/>
      <Coords points="49.2718,91.7487 195.581,91.7487 195.581,193.921 49.2718,193.921"/>
    </TextRegion>
    <TextRegion id="page1_pos3">
      <Property key="entity" value="receiver"/>
      <Coords points="53.575,233.714 209.567,233.714 209.567,305.772 53.575,305.772"/>
    </TextRegion>
    <TextRegion id="page1_pos4">
      <Property key="entity" value="other"/>
      <Coords points="48.1959,201.449 191.278,201.449 191.278,221.883 48.1959,221.883"/>
    </TextRegion>
    <TextRegion id="page1_pos5">
      <Property key="entity" value="positions"/>
      <Coords points="53.5815,336.961 689.384,336.961 689.384,459.568 53.5815,459.568"/>
    </TextRegion>
    <TextRegion id="page1_pos6">
      <Property key="entity" value="total"/>
      <Coords points="54.6574,463.87 681.852,463.87 681.852,489.68 54.6574,489.68"/>
    </TextRegion>
    <TextRegion id="page1_pos7">
      <Property key="entity" value="supplier"/>
      <Coords points="47.1268,777.912 381.703,777.912 381.703,892.991 47.1268,892.991"/>
    </TextRegion>
    <TextRegion id="page1_pos8">
      <Property key="entity" value="other"/>
      <Coords points="391.385,684.345 701.216,684.345 701.216,892.991 391.385,892.991"/>
    </TextRegion>
  </Page>
</PcGts>
