<?xml version="1.0" encoding="utf-8"?>
<PcGts xmlns="http://schema.primaresearch.org/PAGE/gts/pagecontent/2013-07-15" xmlns:ns2="http://searchink.com/xml/frankstahlapi/1.0">
  <Metadata>
    <Creator>system</Creator>
    <Created>2019-01-25T17:45:38.013+01:00</Created>
    <LastChange>2019-02-02T02:37:55Z</LastChange>
  </Metadata>
  <Property key="customer" value="actuallCustomerName"/>
  <Property key="offer"/>
  <Property key="uuid" value="732333f4-f17b-44c4-b216-e175ba4d654c"/>
  <Property key="fileName" value="83565318.pdf"/>
  <Property key="type" value="digital"/>
  <Page imageFilename="83565318.tif" imageHeight="1000" imageWidth="754">
    <TextRegion id="page1_pos1">
      <Property key="entity" value="supplier"/>
      <Coords points="17.429,32.4112 433.939,32.4112 433.939,198.967 17.429,198.967"/>
    </TextRegion>
    <TextRegion id="page1_pos2">
      <Property key="entity" value="invoice_info"/>
      <Coords points="442.912,32.4112 728.409,32.4112 728.409,199.724 442.912,199.724"/>
    </TextRegion>
    <TextRegion id="page1_pos3">
      <Property key="entity" value="receiver"/>
      <Coords points="18.0696,206.537 351.278,206.537 351.278,290.572 18.0696,290.572"/>
    </TextRegion>
    <TextRegion id="page1_pos4">
      <Property key="entity" value="receiver"/>
      <Coords points="355.822,208.051 730.681,208.051 730.681,289.058 355.822,289.058"/>
    </TextRegion>
    <TextRegion id="page1_pos5">
      <Property key="entity" value="invoice_info"/>
      <Coords points="571.092,290.572 729.364,290.572 729.364,301.928 571.092,301.928"/>
    </TextRegion>
    <TextRegion id="page1_pos6">
      <Property key="entity" value="other"/>
      <Coords points="19.3449,304.957 730.444,304.957 730.444,350.381 19.3449,350.381"/>
    </TextRegion>
    <TextRegion id="page1_pos7">
      <Property key="entity" value="positions"/>
      <Coords points="19.6556,356.273 730.753,356.273 730.753,551.598 19.6556,551.598"/>
    </TextRegion>
    <TextRegion id="page1_pos8">
      <Property key="entity" value="supplier"/>
      <Coords points="19.1924,553.87 444.032,553.87 444.032,633.362 19.1924,633.362"/>
    </TextRegion>
    <TextRegion id="page1_pos9">
      <Property key="entity" value="invoice_info"/>
      <Coords points="449.336,556.897 728.777,556.897 728.777,637.145 449.336,637.145"/>
    </TextRegion>
    <TextRegion id="page1_pos10">
      <Property key="entity" value="positions"/>
      <Coords points="19.0757,639.417 727.902,639.417 727.902,695.439 19.0757,695.439"/>
    </TextRegion>
    <TextRegion id="page1_pos11">
      <Property key="entity" value="supplier"/>
      <Coords points="18.3185,699.982 730.174,699.982 730.174,740.108 18.3185,740.108"/>
    </TextRegion>
    <TextRegion id="page1_pos12">
      <Property key="entity" value="invoice_info"/>
      <Coords points="18.3185,743.891 241.72,743.891 241.72,761.307 18.3185,761.307"/>
    </TextRegion>
    <TextRegion id="page1_pos13">
      <Property key="entity" value="other"/>
      <Coords points="17.5611,765.09 728.658,765.09 728.658,797.646 17.5611,797.646"/>
    </TextRegion>
    <TextRegion id="page1_pos14">
      <Property key="entity" value="other"/>
      <Coords points="14.9095,802.945 729.036,802.945 729.036,859.726 14.9095,859.726"/>
    </TextRegion>
    <TextRegion id="page1_pos15">
      <Property key="entity" value="positions"/>
      <Coords points="15.987,862.754 729.356,862.754 729.356,923.319 15.987,923.319"/>
    </TextRegion>
    <TextRegion id="page1_pos16">
      <Property key="entity" value="total"/>
      <Coords points="380.565,927.106 729.241,927.106 729.241,983.884 380.565,983.884"/>
    </TextRegion>
    <TextRegion id="page1_pos17">
      <Property key="entity" value="other"/>
      <Coords points="16.9206,927.862 370.576,927.862 370.576,984.64 16.9206,984.64"/>
    </TextRegion>
  </Page>
</PcGts>
