<?xml version="1.0" encoding="utf-8"?>
<PcGts xmlns="http://schema.primaresearch.org/PAGE/gts/pagecontent/2013-07-15" xmlns:ns2="http://searchink.com/xml/frankstahlapi/1.0">
  <Metadata>
    <Creator>system</Creator>
    <Created>2019-01-25T17:47:20.547+01:00</Created>
    <LastChange>2019-02-02T02:33:51Z</LastChange>
  </Metadata>
  <Property key="customer" value="actuallCustomerName"/>
  <Property key="offer"/>
  <Property key="uuid" value="73d26cb5-a8f2-43f3-8f32-28b608fe4f76"/>
  <Property key="fileName" value="89703081.pdf"/>
  <Property key="type" value="digital"/>
  <Page imageFilename="89703081.tif" imageHeight="1000" imageWidth="754">
    <TextRegion id="page1_pos1">
      <Property key="entity" value="supplier"/>
      <Coords points="2.82468,10.6884 312.81,10.6884 312.81,169.618 2.82468,169.618"/>
    </TextRegion>
    <TextRegion id="page1_pos2">
      <Property key="entity" value="other"/>
      <Coords points="319.328,10.3264 690.875,10.3264 690.875,137.036 319.328,137.036"/>
    </TextRegion>
    <TextRegion id="page1_pos3">
      <Property key="entity" value="invoice_info"/>
      <Coords points="315.707,141.742 690.875,141.742 690.875,169.98 315.707,169.98"/>
    </TextRegion>
    <TextRegion id="page1_pos4">
      <Property key="entity" value="receiver"/>
      <Coords points="3.80752,172.152 691.498,172.152 691.498,247.816 3.80752,247.816"/>
    </TextRegion>
    <TextRegion id="page1_pos5">
      <Property key="entity" value="other"/>
      <Coords points="6.41199,253.852 739.626,253.852 739.626,450.223 6.41199,450.223"/>
    </TextRegion>
    <TextRegion id="page1_pos7">
      <Property key="entity" value="positions"/>
      <Coords points="10.8788,472.041 734.657,472.041 734.657,556.371 10.8788,556.371"/>
    </TextRegion>
    <TextRegion id="page1_pos8">
      <Property key="entity" value="other"/>
      <Coords points="8.60557,561.8 742.413,561.8 742.413,986.976 8.60557,986.976"/>
    </TextRegion>
  </Page>
</PcGts>
