<?xml version="1.0" encoding="utf-8"?>
<PcGts xmlns="http://schema.primaresearch.org/PAGE/gts/pagecontent/2013-07-15" xmlns:ns2="http://searchink.com/xml/frankstahlapi/1.0">
  <Metadata>
    <Creator>system</Creator>
    <Created>2019-01-25T17:47:40.588+01:00</Created>
    <LastChange>2019-02-02T02:48:47Z</LastChange>
  </Metadata>
  <Property key="customer" value="actuallCustomerName"/>
  <Property key="offer"/>
  <Property key="uuid" value="7ee347f8-85a1-42f2-99cf-c9efd130b7fa"/>
  <Property key="fileName" value="91668026.pdf"/>
  <Property key="type" value="digital"/>
  <Page imageFilename="91668026.tif" imageHeight="1000" imageWidth="754">
    <TextRegion id="page1_pos1">
      <Property key="entity" value="supplier"/>
      <Coords points="70.4504,110.74 292.013,110.74 292.013,179.624 70.4504,179.624"/>
    </TextRegion>
    <TextRegion id="page1_pos2">
      <Property key="entity" value="supplier"/>
      <Coords points="515.356,92.9248 656.135,92.9248 656.135,132.117 515.356,132.117"/>
    </TextRegion>
    <TextRegion id="page1_pos4">
      <Property key="entity" value="invoice_info"/>
      <Coords points="478.938,246.952 613.077,246.952 613.077,288.959 478.938,288.959"/>
    </TextRegion>
    <TextRegion id="page1_pos5">
      <Property key="entity" value="invoice_info"/>
      <Coords points="445.242,141.268 629.021,141.268 629.021,166.056 445.242,166.056"/>
    </TextRegion>
    <TextRegion id="page1_pos6">
      <Property key="entity" value="other"/>
      <Coords points="320.536,95.3366 435.761,95.3366 435.761,211.258 320.536,211.258"/>
    </TextRegion>
    <TextRegion id="page1_pos7">
      <Property key="entity" value="receiver"/>
      <Coords points="76.2494,246.982 332.955,246.982 332.955,312.598 76.2494,312.598"/>
    </TextRegion>
    <TextRegion id="page1_pos8">
      <Property key="entity" value="positions"/>
      <Coords points="58.0173,322.805 648.004,322.805 648.004,530.587 58.0173,530.587"/>
    </TextRegion>
    <TextRegion id="page1_pos9">
      <Property key="entity" value="total"/>
      <Coords points="57.6637,534.964 642.546,534.964 642.546,564.852 57.6637,564.852"/>
    </TextRegion>
    <TextRegion id="page1_pos10">
      <Property key="entity" value="other"/>
      <Coords points="58.2082,569.662 680.134,569.662 680.134,937.84 58.2082,937.84"/>
    </TextRegion>
  </Page>
</PcGts>
