<?xml version="1.0" encoding="utf-8"?>
<PcGts xmlns="http://schema.primaresearch.org/PAGE/gts/pagecontent/2013-07-15">
  <Metadata>
    <Creator>system</Creator>
    <Created>2019-01-25T17:48:52.705+01:00</Created>
    <LastChange>2019-01-25T17:48:52.705+01:00</LastChange>
  </Metadata>
  <Property key="customer" value="actuallCustomerName"/>
  <Property key="offer" value=""/>
  <Property key="uuid" value="3495f41b-ed8f-48c6-8931-560307390594"/>
  <Property key="fileName" value="96052028.pdf"/>
  <Property key="type" value="digital"/>
  <Page imageFilename="96052028.tif" imageHeight="1000" imageWidth="754"/>
</PcGts>
