<?xml version="1.0" encoding="utf-8"?>
<PcGts xmlns="http://schema.primaresearch.org/PAGE/gts/pagecontent/2013-07-15" xmlns:ns2="http://searchink.com/xml/frankstahlapi/1.0">
  <Metadata>
    <Creator>system</Creator>
    <Created>2019-01-25T17:48:55.559+01:00</Created>
    <LastChange>2019-02-01T07:43:07Z</LastChange>
  </Metadata>
  <Property key="customer" value="actuallCustomerName"/>
  <Property key="offer"/>
  <Property key="uuid" value="04c9f730-49d0-4216-af00-e36d31029c16"/>
  <Property key="fileName" value="96063482.pdf"/>
  <Property key="type" value="digital"/>
  <Page imageFilename="96063482.tif" imageHeight="1000" imageWidth="754">
    <TextRegion id="page1_pos1">
      <Property key="entity" value="supplier"/>
      <Coords points="47.0551,145.712 336.546,145.712 336.546,221.309 47.0551,221.309"/>
    </TextRegion>
    <TextRegion id="page1_pos2">
      <Property key="entity" value="invoice_info"/>
      <Coords points="43.9999,82.333 703.946,82.333 703.946,141.13 43.9999,141.13"/>
    </TextRegion>
    <TextRegion id="page1_pos3">
      <Property key="entity" value="supplier"/>
      <Coords points="411.402,145.712 698.599,145.712 698.599,221.309 411.402,221.309"/>
    </TextRegion>
    <TextRegion id="page1_pos4">
      <Property key="entity" value="other"/>
      <Coords points="173.265,244.217 581.912,244.217 581.912,273.997 173.265,273.997"/>
    </TextRegion>
    <TextRegion id="page1_pos5">
      <Property key="entity" value="positions"/>
      <Coords points="42.1585,282.397 674.607,282.397 674.607,560.349 42.1585,560.349"/>
    </TextRegion>
    <TextRegion id="page1_pos6">
      <Property key="entity" value="total"/>
      <Coords points="25.9223,563.402 707.255,563.402 707.255,659.618 25.9223,659.618"/>
    </TextRegion>
    <TextRegion id="page1_pos7">
      <Property key="entity" value="other"/>
      <Coords points="28.9776,667.253 717.315,667.253 717.315,957.016 28.9776,957.016"/>
    </TextRegion>
  </Page>
</PcGts>
