<?xml version="1.0" encoding="utf-8"?>
<PcGts xmlns="http://schema.primaresearch.org/PAGE/gts/pagecontent/2013-07-15" xmlns:ns2="http://searchink.com/xml/frankstahlapi/1.0">
  <Metadata>
    <Creator>system</Creator>
    <Created>2019-01-25T17:50:25.420+01:00</Created>
    <LastChange>2019-02-02T01:49:46Z</LastChange>
  </Metadata>
  <Property key="customer" value="actuallCustomerName"/>
  <Property key="offer"/>
  <Property key="uuid" value="46bb36b5-6ba1-4784-b298-f56700b00f78"/>
  <Property key="fileName" value="ti16310857.pdf"/>
  <Property key="type" value="digital"/>
  <Page imageFilename="ti16310857.tif" imageHeight="1000" imageWidth="754">
    <TextRegion id="page1_pos1">
      <Property key="entity" value="other"/>
      <Coords points="188.713,93.1375 548.753,93.1375 548.753,128.807 188.713,128.807"/>
    </TextRegion>
    <TextRegion id="page1_pos2">
      <Property key="entity" value="invoice_info"/>
      <Coords points="47.0746,141.778 638.495,141.778 638.495,195.822 47.0746,195.822"/>
    </TextRegion>
    <TextRegion id="page1_pos3">
      <Property key="entity" value="receiver"/>
      <Coords points="34.4156,221.866 532.683,221.866 532.683,499.528 34.4156,499.528"/>
    </TextRegion>
    <TextRegion id="page1_pos4">
      <Property key="entity" value="other"/>
      <Coords points="41.5679,523.362 734.138,523.362 734.138,978.585 41.5679,978.585"/>
    </TextRegion>
  </Page>
</PcGts>
