<?xml version="1.0" encoding="utf-8"?>
<PcGts xmlns="http://schema.primaresearch.org/PAGE/gts/pagecontent/2013-07-15" xmlns:ns2="http://searchink.com/xml/frankstahlapi/1.0">
  <Metadata>
    <Creator>system</Creator>
    <Created>2019-01-25T17:50:06.348+01:00</Created>
    <LastChange>2019-02-02T01:29:02Z</LastChange>
  </Metadata>
  <Property key="customer" value="actuallCustomerName"/>
  <Property key="offer"/>
  <Property key="uuid" value="39aaefcc-c2c4-423e-868a-4127331e3727"/>
  <Property key="fileName" value="ti16310262.pdf"/>
  <Property key="type" value="digital"/>
  <Page imageFilename="ti16310262.tif" imageHeight="1000" imageWidth="754">
    <TextRegion id="page1_pos1">
      <Property key="entity" value="other"/>
      <Coords points="29.0895,90.9791 716.224,90.9791 716.224,132.294 29.0895,132.294"/>
    </TextRegion>
    <TextRegion id="page1_pos2">
      <Property key="entity" value="other"/>
      <Coords points="29.4677,187.175 716.602,187.175 716.602,224.79 29.4677,224.79"/>
    </TextRegion>
    <TextRegion id="page1_pos3">
      <Property key="entity" value="invoice_info"/>
      <Coords points="28.2341,135.994 716.602,135.994 716.602,184.708 28.2341,184.708"/>
    </TextRegion>
    <TextRegion id="page1_pos4">
      <Property key="entity" value="receiver"/>
      <Coords points="29.81,226.658 716.948,226.658 716.948,452.347 29.81,452.347"/>
    </TextRegion>
    <TextRegion id="page1_pos5">
      <Property key="entity" value="other"/>
      <Coords points="30.5587,454.197 724.481,454.197 724.481,985.742 30.5587,985.742"/>
    </TextRegion>
  </Page>
</PcGts>
