<?xml version="1.0" encoding="utf-8"?>
<PcGts xmlns="http://schema.primaresearch.org/PAGE/gts/pagecontent/2013-07-15" xmlns:ns2="http://searchink.com/xml/frankstahlapi/1.0">
  <Metadata>
    <Creator>system</Creator>
    <Created>2019-01-25T17:49:54.878+01:00</Created>
    <LastChange>2019-02-01T08:41:08Z</LastChange>
  </Metadata>
  <Property key="customer" value="actuallCustomerName"/>
  <Property key="offer"/>
  <Property key="uuid" value="1dd8fb08-2edf-4e23-bd5b-15b8098f4eeb"/>
  <Property key="fileName" value="ti16310048.pdf"/>
  <Property key="type" value="digital"/>
  <Page imageFilename="ti16310048.tif" imageHeight="1000" imageWidth="754">
    <TextRegion id="page1_pos1">
      <Property key="entity" value="other"/>
      <Coords points="2.43157,3.38751 744.375,3.38751 744.375,128.259 2.43157,128.259"/>
    </TextRegion>
    <TextRegion id="page1_pos2">
      <Property key="entity" value="invoice_info"/>
      <Coords points="4.57592,133.618 365.899,133.618 365.899,199.538 4.57592,199.538"/>
    </TextRegion>
    <TextRegion id="page1_pos3">
      <Property key="entity" value="other"/>
      <Coords points="373.403,134.154 742.766,134.154 742.766,207.577 373.403,207.577"/>
    </TextRegion>
    <TextRegion id="page1_pos4">
      <Property key="entity" value="receiver"/>
      <Coords points="4.51809,210.256 750.216,210.256 750.216,494.834 4.51809,494.834"/>
    </TextRegion>
    <TextRegion id="page1_pos5">
      <Property key="entity" value="other"/>
      <Coords points="6.72363,508.02 744.011,508.02 744.011,987.142 6.72363,987.142"/>
    </TextRegion>
  </Page>
</PcGts>
