<?xml version="1.0" encoding="utf-8"?>
<PcGts xmlns="http://schema.primaresearch.org/PAGE/gts/pagecontent/2013-07-15" xmlns:ns2="http://searchink.com/xml/frankstahlapi/1.0">
  <Metadata>
    <Creator>system</Creator>
    <Created>2019-01-25T17:50:14.756+01:00</Created>
    <LastChange>2019-02-02T03:06:08Z</LastChange>
  </Metadata>
  <Property key="customer" value="actuallCustomerName"/>
  <Property key="offer"/>
  <Property key="uuid" value="98b954d5-d880-4c30-9d87-71741ef5ff57"/>
  <Property key="fileName" value="ti16310543.pdf"/>
  <Property key="type" value="digital"/>
  <Page imageFilename="ti16310543.tif" imageHeight="1000" imageWidth="754">
    <TextRegion id="page1_pos1">
      <Property key="entity" value="other"/>
      <Coords points="201.613,92.3171 539.452,92.3171 539.452,121.061 201.613,121.061"/>
    </TextRegion>
    <TextRegion id="page1_pos2">
      <Property key="entity" value="invoice_info"/>
      <Coords points="45.8709,141.421 684.412,141.421 684.412,194.118 45.8709,194.118"/>
    </TextRegion>
    <TextRegion id="page1_pos3">
      <Property key="entity" value="receiver"/>
      <Coords points="49.4648,212.084 680.818,212.084 680.818,506.71 49.4648,506.71"/>
    </TextRegion>
    <TextRegion id="page1_pos4">
      <Property key="entity" value="other"/>
      <Coords points="37.4847,522.279 686.806,522.279 686.806,734.266 37.4847,734.266"/>
    </TextRegion>
    <TextRegion id="page1_pos5">
      <Property key="entity" value="other"/>
      <Coords points="39.8806,745.043 735.924,745.043 735.924,985.774 39.8806,985.774"/>
    </TextRegion>
  </Page>
</PcGts>
